<?xml version="1.0" encoding="utf-8"?>
<DefaultGEProperties><OneGEProPerties ObjType="3" PartType="1"><PLCProperties Pripority="" Description=""><InPutData Pripority="1" AddrType="10" AddrTypeName="I.B" CodeType="0" WordNum="1" PLCAddr="0.0" MaskValType="0" bUseAddrTag="0" PLCID="0" QWord="0"/><OutPutData Pripority="1" AddrType="254" AddrTypeName="LB" CodeType="0" WordNum="1" PLCAddr="0" MaskValType="0" bUseAddrTag="0" PLCID="0"/></PLCProperties><ShapeProperties bUseVG="0" VGName="" BUseBG="1" BGName="button2-18.bg"/></OneGEProPerties><OneGEProPerties ObjType="3" PartType="13"><PLCProperties Pripority="" Description=""><InPutData Pripority="1" AddrType="0" AddrTypeName="VW" CodeType="0" WordNum="1" PLCAddr="0" MaskValType="1" bUseAddrTag="0" PLCID="0" QWord="0"/><OutPutData Pripority="1" AddrType="255" AddrTypeName="LW" CodeType="0" WordNum="1" PLCAddr="0" MaskValType="2" bUseAddrTag="0" PLCID="0"/></PLCProperties><ShapeProperties bUseVG="0" VGName="" BUseBG="0" BGName=""/></OneGEProPerties></DefaultGEProperties>
